anime_id,median,mean,my_status,title,title_english,title_japanese,title_synonyms,image_url,type,source,episodes,status,airing,aired_string,aired,duration,rating,score,scored_by,rank,popularity,members,favorites,background,premiered,broadcast,related,producer,licensor,studio,genre,opening_theme,ending_theme
820,10.0,8.64421965317919,3460,Ginga Eiyuu Densetsu,Legend of the Galactic Heroes,銀河英雄伝説,"LoGH, LotGH, Gin&#039;eiden, GinEiDen, Heldensagen Vom Kosmosinsel",https://myanimelist.cdn-dena.com/images/anime/13/13225.jpg,OVA,Novel,110,Finished Airing,False,"Jan 8, 1988 to Mar 17, 1997","{'from': '1988-01-08', 'to': '1997-03-17'}",26 min. per ep.,R - 17+ (violence & profanity),9.11,29036,6.0,671,124993,8567,"Legend of the Galactic heroes was adapted from a series of ten novels, published 1982&ndash;87, by Yoshiki Tanaka. The novels won the Seiun Award for the best long-form Japanese science fiction in 1988.At the start of its production the anime was distributed through a subscription system in which episodes were mailed to existing fans of the novels. It was made in four separate tranches over nearly a decade, with the production of side-stories continuing for several further years. The main series has the largest voice cast of any anime, with well over 300 voice actors, and it is the longest OVA series ever made.The novels have also been adapted into a manga, a stage musical by the Takarazuka Revue and a number of games.",,,"{'Adaptation': [{'mal_id': 6978, 'type': 'manga', 'url': 'https://myanimelist.net/manga/6978/Ginga_Eiyuu_Densetsu', 'title': 'Ginga Eiyuu Densetsu'}, {'mal_id': 11941, 'type': 'manga', 'url': 'https://myanimelist.net/manga/11941/Ginga_Eiyuu_Densetsu', 'title': 'Ginga Eiyuu Densetsu'}], 'Prequel': [{'mal_id': 3016, 'type': 'anime', 'url': 'https://myanimelist.net/anime/3016/Ginga_Eiyuu_Densetsu__Arata_Naru_Tatakai_no_Overture', 'title': 'Ginga Eiyuu Densetsu: Arata Naru Tatakai no Overture'}], 'Side story': [{'mal_id': 3371, 'type': 'anime', 'url': 'https://myanimelist.net/anime/3371/Ginga_Eiyuu_Densetsu_Gaiden', 'title': 'Ginga Eiyuu Densetsu Gaiden'}, {'mal_id': 3665, 'type': 'anime', 'url': 'https://myanimelist.net/anime/3665/Ginga_Eiyuu_Densetsu_Gaiden_1999', 'title': 'Ginga Eiyuu Densetsu Gaiden (1999)'}], 'Alternative version': [{'mal_id': 31433, 'type': 'anime', 'url': 'https://myanimelist.net/anime/31433/Ginga_Eiyuu_Densetsu__Die_Neue_These_-_Kaikou', 'title': 'Ginga Eiyuu Densetsu: Die Neue These - Kaikou'}, {'mal_id': 36369, 'type': 'anime', 'url': 'https://myanimelist.net/anime/36369/Ginga_Eiyuu_Densetsu__Die_Neue_These_Seiran_1', 'title': 'Ginga Eiyuu Densetsu: Die Neue These Seiran 1'}, {'mal_id': 36370, 'type': 'anime', 'url': 'https://myanimelist.net/anime/36370/Ginga_Eiyuu_Densetsu__Die_Neue_These_Seiran_2', 'title': 'Ginga Eiyuu Densetsu: Die Neue These Seiran 2'}, {'mal_id': 36371, 'type': 'anime', 'url': 'https://myanimelist.net/anime/36371/Ginga_Eiyuu_Densetsu__Die_Neue_These_Seiran_3', 'title': 'Ginga Eiyuu Densetsu: Die Neue These Seiran 3'}]}",Kitty Films,Sentai Filmworks,"Artland, Magic Bus","Military, Sci-Fi, Space, Drama","['#1: ""Skies of Love"" by Michiru Akiyoshi (eps 1-22,24-26)', '#2: ""I am waiting for you"" by Michiru Akiyoshi (eps 27-30,32,34-35,37-38,40,43,45,49,51-52)', '#3: ""Sea of the Stars"" by LISA (eps 55-81,86)', '#4: ""Must Be Something"" by Hitomi Konno (eps 87-106,108-110)']","['#1: ""Hikari no Hashi wo koete"" by Kei Ogura (eps 1-5,7-13,16-17,19-21,24-26,84)', '#2: ""Tabidachi no Jyokyoku"" by Kei Ogura (eps 27-30,32,35,37-38,40,42-43,45,49,51)', '#3: ""Kansou no Uta"" by Kei Ogura (eps 55-56,58-69,71-81,83,85)', '#4: ""Uchuu no Kakehashi"" by Kei Ogura (eps 87-106,108-110)']"
5114,10.0,8.623912907464181,47949,Fullmetal Alchemist: Brotherhood,Fullmetal Alchemist: Brotherhood,鋼の錬金術師 FULLMETAL ALCHEMIST,"Hagane no Renkinjutsushi: Fullmetal Alchemist, Fullmetal Alchemist (2009), FMA",https://myanimelist.cdn-dena.com/images/anime/5/47421.jpg,TV,Manga,64,Finished Airing,False,"Apr 5, 2009 to Jul 4, 2010","{'from': '2009-04-05', 'to': '2010-07-04'}",24 min. per ep.,R - 17+ (violence & profanity),9.25,733592,1.0,4,1199091,106895,"Fullmetal Alchemist: Brotherhood is an alternate retelling of Hiromu Arakawa&#039;s Fullmetal Alchemist manga that is closer to the source material than the previous 2003 adaptation, this time covering the entire story.On March 31, 2016, FUNimation Entertainment&#039;s license to the series expired.",Spring 2009,Sundays at 17:00 (JST),"{'Adaptation': [{'mal_id': 25, 'type': 'manga', 'url': 'https://myanimelist.net/manga/25/Fullmetal_Alchemist', 'title': 'Fullmetal Alchemist'}], 'Alternative version': [{'mal_id': 121, 'type': 'anime', 'url': 'https://myanimelist.net/anime/121/Fullmetal_Alchemist', 'title': 'Fullmetal Alchemist'}], 'Side story': [{'mal_id': 6421, 'type': 'anime', 'url': 'https://myanimelist.net/anime/6421/Fullmetal_Alchemist__Brotherhood_Specials', 'title': 'Fullmetal Alchemist: Brotherhood Specials'}, {'mal_id': 9135, 'type': 'anime', 'url': 'https://myanimelist.net/anime/9135/Fullmetal_Alchemist__The_Sacred_Star_of_Milos', 'title': 'Fullmetal Alchemist: The Sacred Star of Milos'}], 'Spin-off': [{'mal_id': 7902, 'type': 'anime', 'url': 'https://myanimelist.net/anime/7902/Fullmetal_Alchemist__Brotherhood_-_4-Koma_Theater', 'title': 'Fullmetal Alchemist: Brotherhood - 4-Koma Theater'}]}","Aniplex, Square Enix, Mainichi Broadcasting System, Studio Moriken","Funimation, Aniplex of America",Bones,"Action, Military, Adventure, Comedy, Drama, Magic, Fantasy, Shounen","['#1: ""again"" by YUI (eps 1-14)', '#2: ""Hologram (ホログラム)"" by NICO Touches the Walls (eps 15-26)', '#3: ""Golden Time Lover (ゴールデンタイムラバー)"" by Sukima Switch (eps 27-38)', '#4: ""Period"" by Chemistry (eps 39-50)', '#5: ""Rain (レイン)"" by SID (eps 51-62)']","['#1: ""Uso (嘘)"" by SID (eps 1-14)', '#2: ""LET IT OUT"" by Miho Fukuhara (eps 15-26)', '#3: ""Tsunaida Te (つないだ手)"" by Lil&#039;B (eps 27-38)', '#4: ""Shunkan Sentimental (瞬間センチメンタル)"" by SCANDAL (eps 39-50)', '#5: ""RAY OF LIGHT"" by Nakagawa Shouko (eps 51-62)', '#6: ""Rain (レイン)"" by SID (ep 63)', '#7: ""Hologram (ホログラム)"" by NICO Touches the Walls (ep 64)']"
28977,10.0,8.45272030651341,6525,Gintama°,Gintama Season 4,銀魂°,Gintama&#039; (2015),https://myanimelist.cdn-dena.com/images/anime/3/72078.jpg,TV,Manga,51,Finished Airing,False,"Apr 8, 2015 to Mar 30, 2016","{'from': '2015-04-08', 'to': '2016-03-30'}",24 min. per ep.,R - 17+ (violence & profanity),9.15,71751,3.0,383,198744,5668, This is a fourth season of Gintama. In the episode continuity corresponds to episodes 266-316 of Gintama. ,Spring 2015,Wednesdays at 18:00 (JST),"{'Adaptation': [{'mal_id': 44, 'type': 'manga', 'url': 'https://myanimelist.net/manga/44/Gintama', 'title': 'Gintama'}], 'Prequel': [{'mal_id': 15335, 'type': 'anime', 'url': 'https://myanimelist.net/anime/15335/Gintama_Movie_2__Kanketsu-hen_-_Yorozuya_yo_Eien_Nare', 'title': 'Gintama Movie 2: Kanketsu-hen - Yorozuya yo Eien Nare'}, {'mal_id': 15417, 'type': 'anime', 'url': 'https://myanimelist.net/anime/15417/Gintama__Enchousen', 'title': 'Gintama&#039;: Enchousen'}], 'Side story': [{'mal_id': 32122, 'type': 'anime', 'url': 'https://myanimelist.net/anime/32122/Gintama°__Umai-mono_wa_Atomawashi_ni_Suru_to_Yokodorisareru_kara_Yappari_Saki_ni_Kue', 'title': 'Gintama°: Umai-mono wa Atomawashi ni Suru to Yokodorisareru kara Yappari Saki ni Kue'}, {'mal_id': 32366, 'type': 'anime', 'url': 'https://myanimelist.net/anime/32366/Gintama°__Aizome_Kaori-hen', 'title': 'Gintama°: Aizome Kaori-hen'}], 'Sequel': [{'mal_id': 34096, 'type': 'anime', 'url': 'https://myanimelist.net/anime/34096/Gintama', 'title': 'Gintama.'}]}","TV Tokyo, Aniplex, Dentsu","Funimation, Crunchyroll",Bandai Namco Pictures,"Action, Comedy, Historical, Parody, Samurai, Sci-Fi, Shounen","['#1: ""DAY×DAY"" by BLUE ENCOUNT (eps 1-12)', '#2: ""Pride Kakumei (プライド革命)"" by CHiCO with HoneyWorks (eps 13-15, 17-26)', '#3: ""Saigo made II (最後までⅡ)"" by Aqua Timez (ep 16)', '#4: ""Beautiful Days"" by OKAMOTO&#039;S (eps 27-38)', '#5: &#039;&#039;Know Know Know&#039;&#039; by DOES (eps 39-50)', '#6: ""Acchi Muite (あっちむいて)"" by Swimy (ep 51)']","['#1: ""DESTINY"" by Negoto (eps 1-12)', '#2: ""Saigo made II (最後までⅡ)"" by Aqua Timez (eps 13-15, 17-26)', '#3: ""Pride Kakumei (プライド革命)"" by CHiCO with HoneyWorks (ep 16)', '#4: ""Glorious Days (グロリアスデイズ)"" by THREE LIGHTS DOWN KINGS (eps 27-38)', '#5: ""Acchi Muite (あっちむいて)"" by Swimy (eps 39-50)', '#6: ""Know Know Know"" by DOES (ep 51)']"
4181,10.0,8.414148857774503,37996,Clannad: After Story,Clannad ~After Story~,CLANNAD〜AFTER STORY〜 クラナド アフターストーリー,,https://myanimelist.cdn-dena.com/images/anime/13/24647.jpg,TV,Visual novel,24,Finished Airing,False,"Oct 3, 2008 to Mar 27, 2009","{'from': '2008-10-03', 'to': '2009-03-27'}",24 min. per ep.,PG-13 - Teens 13 or older,9.01,363239,14.0,55,607387,47380,,Fall 2008,Fridays at 01:59 (JST),"{'Alternative version': [{'mal_id': 1723, 'type': 'anime', 'url': 'https://myanimelist.net/anime/1723/Clannad_Movie', 'title': 'Clannad Movie'}], 'Prequel': [{'mal_id': 2167, 'type': 'anime', 'url': 'https://myanimelist.net/anime/2167/Clannad', 'title': 'Clannad'}], 'Alternative setting': [{'mal_id': 6351, 'type': 'anime', 'url': 'https://myanimelist.net/anime/6351/Clannad__After_Story_-_Mou_Hitotsu_no_Sekai_Kyou-hen', 'title': 'Clannad: After Story - Mou Hitotsu no Sekai, Kyou-hen'}]}","Pony Canyon, TBS, Rakuonsha, Animation Do",Sentai Filmworks,Kyoto Animation,"Slice of Life, Comedy, Supernatural, Drama, Romance","['""Toki wo Kizamu Uta (時を刻む唄)"" by Lia']","['#1: ""TORCH"" by Lia (eps 1-21)', '#2: ""Chiisana Te no Hira (小さなてのひら)"" by riya (ep 22)']"
9253,9.0,8.58489050577591,42331,Steins;Gate,Steins;Gate,STEINS;GATE,,https://myanimelist.cdn-dena.com/images/anime/5/73199.jpg,TV,Visual novel,24,Finished Airing,False,"Apr 6, 2011 to Sep 14, 2011","{'from': '2011-04-06', 'to': '2011-09-14'}",24 min. per ep.,PG-13 - Teens 13 or older,9.14,563857,5.0,8,1010330,92423,Steins;Gate is based on 5pb. and Nitroplus&#039; visual novel of the same title.,Spring 2011,Wednesdays at 02:05 (JST),"{'Adaptation': [{'mal_id': 17517, 'type': 'manga', 'url': 'https://myanimelist.net/manga/17517/Steins_Gate', 'title': 'Steins;Gate'}], 'Alternative setting': [{'mal_id': 4975, 'type': 'anime', 'url': 'https://myanimelist.net/anime/4975/ChäoS_HEAd', 'title': 'ChäoS;HEAd'}, {'mal_id': 13599, 'type': 'anime', 'url': 'https://myanimelist.net/anime/13599/Robotics_Notes', 'title': 'Robotics;Notes'}, {'mal_id': 30485, 'type': 'anime', 'url': 'https://myanimelist.net/anime/30485/ChäoS_Child', 'title': 'ChäoS;Child'}, {'mal_id': 32962, 'type': 'anime', 'url': 'https://myanimelist.net/anime/32962/Occultic_Nine', 'title': 'Occultic;Nine'}], 'Sequel': [{'mal_id': 10863, 'type': 'anime', 'url': 'https://myanimelist.net/anime/10863/Steins_Gate__Oukoubakko_no_Poriomania', 'title': 'Steins;Gate: Oukoubakko no Poriomania'}], 'Other': [{'mal_id': 27957, 'type': 'anime', 'url': 'https://myanimelist.net/anime/27957/Steins_Gate__Soumei_Eichi_no_Cognitive_Computing', 'title': 'Steins;Gate: Soumei Eichi no Cognitive Computing'}], 'Alternative version': [{'mal_id': 32188, 'type': 'anime', 'url': 'https://myanimelist.net/anime/32188/Steins_Gate__Kyoukaimenjou_no_Missing_Link_-_Divide_By_Zero', 'title': 'Steins;Gate: Kyoukaimenjou no Missing Link - Divide By Zero'}]}","Frontier Works, Media Factory, Movic, AT-X, Kadokawa Pictures Japan, Nitroplus",Funimation,White Fox,"Thriller, Sci-Fi","['""Hacking to the Gate"" by Kanako Itou']","['#1: ""Toki Tsukasadoru Juuni no Meiyaku (刻司ル十二ノ盟約)"" by Yui Sakakibara (eps 1-21)', '#2: ""Fake Verthandi"" by Takeshi Abo (ep 22)', '#3: ""Sky Clad no Kansokusha (スカイクラッドの観測者)"" by Kanako Itou (ep 23)', '#4: ""Another Heaven"" by Kanako Itou (ep 24)']"
11061,9.0,8.512158269984418,21179,Hunter x Hunter (2011),Hunter x Hunter,HUNTER×HUNTER ハンターハンター,HxH (2011),https://myanimelist.cdn-dena.com/images/anime/11/33657.jpg,TV,Manga,148,Finished Airing,False,"Oct 2, 2011 to Sep 24, 2014","{'from': '2011-10-02', 'to': '2014-09-24'}",23 min. per ep.,PG-13 - Teens 13 or older,9.11,403377,8.0,35,720920,64375,,Fall 2011,Sundays at 10:55 (JST),"{'Adaptation': [{'mal_id': 26, 'type': 'manga', 'url': 'https://myanimelist.net/manga/26/Hunter_x_Hunter', 'title': 'Hunter x Hunter'}], 'Alternative version': [{'mal_id': 136, 'type': 'anime', 'url': 'https://myanimelist.net/anime/136/Hunter_x_Hunter', 'title': 'Hunter x Hunter'}, {'mal_id': 137, 'type': 'anime', 'url': 'https://myanimelist.net/anime/137/Hunter_x_Hunter__Yorkshin_City_Kanketsu-hen', 'title': 'Hunter x Hunter: Yorkshin City Kanketsu-hen'}, {'mal_id': 138, 'type': 'anime', 'url': 'https://myanimelist.net/anime/138/Hunter_x_Hunter__Greed_Island', 'title': 'Hunter x Hunter: Greed Island'}, {'mal_id': 139, 'type': 'anime', 'url': 'https://myanimelist.net/anime/139/Hunter_x_Hunter__Greed_Island_Final', 'title': 'Hunter x Hunter: Greed Island Final'}], 'Side story': [{'mal_id': 13271, 'type': 'anime', 'url': 'https://myanimelist.net/anime/13271/Hunter_x_Hunter_Movie_1__Phantom_Rouge', 'title': 'Hunter x Hunter Movie 1: Phantom Rouge'}, {'mal_id': 19951, 'type': 'anime', 'url': 'https://myanimelist.net/anime/19951/Hunter_x_Hunter_Movie_2__The_Last_Mission', 'title': 'Hunter x Hunter Movie 2: The Last Mission'}]}","VAP, Nippon Television Network, Shueisha",Viz Media,Madhouse,"Action, Adventure, Super Power, Shounen","['#1: ""departure!"" by Ono Masatoshi (eps 1-26, 50-52, 62-75, 101-103, 137-147)', '#2: ""departure! -second version-"" by Ono Masatoshi (eps 27-49, 76-100, 109-136)', '#3: ""departure! -Opening Tokubetsu-hen-"" by Ono Masatoshi (eps 53-61, 104-108)']","['#1: ""Just Awake"" by Fear, and Loathing in Las Vegas (eps 1-26)', '#2: ""HUNTING FOR YOUR DREAM"" by Galneryus (eps 27-50, 52-58)', '#3: ""Riot"" by Yoshihisa Hirano (ep 51)', '#4: ""REASON"" by YUZU (ゆず) (eps 59-75, 147)', '#5: ""Nagareboshi Kirari (YUZU Version) (流れ星キラリ (ゆずバージョン))"" by YUZU (ゆず) (eps 76-98)', '#6: ""Hyouriittai (表裏一体)"" by YUZU (ゆず) (eps 99-134, 136)', '#7: ""Understanding"" by Yoshihisa Hirano (ep 135)', '#8: ""Hyouriittai -second version- (表裏一体)"" by YUZU (ゆず) (eps 137-146)', '#9: ""departure!"" by Ono Masatoshi (ep 148)']"
32281,9.0,8.463504395829073,29346,Kimi no Na wa.,Your Name.,君の名は。,,https://myanimelist.cdn-dena.com/images/anime/5/87048.jpg,Movie,Original,1,Finished Airing,False,"Aug 26, 2016","{'from': '2016-08-26', 'to': '2016-08-26'}",1 hr. 46 min.,PG-13 - Teens 13 or older,9.19,471398,2.0,33,730076,34912,,,,"{'Adaptation': [{'mal_id': 99314, 'type': 'manga', 'url': 'https://myanimelist.net/manga/99314/Kimi_no_Na_wa', 'title': 'Kimi no Na wa.'}, {'mal_id': 111747, 'type': 'manga', 'url': 'https://myanimelist.net/manga/111747/Kimi_no_Na_wa', 'title': 'Kimi no Na wa.'}], 'Other': [{'mal_id': 33902, 'type': 'anime', 'url': 'https://myanimelist.net/anime/33902/Suntory_Minami_Alps_no_Tennen_Mizu', 'title': 'Suntory Minami Alps no Tennen Mizu'}]}","Kadokawa Shoten, Toho, Sound Team Don Juan, Lawson HMV Entertainment, Amuse, East Japan Marketing &amp; Communications","Funimation, NYAV Post",CoMix Wave Films,"Supernatural, Drama, Romance, School","['""Yume Tourou (夢灯籠)"" by RADWIMPS']","['""Nandemonaiya (なんでもないや)"" by RADWIMPS']"
35180,9.0,8.45125786163522,3180,3-gatsu no Lion 2nd Season,March Comes In Like A Lion 2nd Season,3月のライオン 第2シリーズ,Sangatsu no Lion Second Season,https://myanimelist.cdn-dena.com/images/anime/1959/92119.jpg,TV,Manga,22,Finished Airing,False,"Oct 14, 2017 to Mar 31, 2018","{'from': '2017-10-14', 'to': '2018-03-31'}",25 min. per ep.,PG-13 - Teens 13 or older,9.1,30779,9.0,990,85744,2257,,Fall 2017,Saturdays at 23:00 (JST),"{'Adaptation': [{'mal_id': 1224, 'type': 'manga', 'url': 'https://myanimelist.net/manga/1224/3-gatsu_no_Lion', 'title': '3-gatsu no Lion'}], 'Prequel': [{'mal_id': 31646, 'type': 'anime', 'url': 'https://myanimelist.net/anime/31646/3-gatsu_no_Lion', 'title': '3-gatsu no Lion'}]}","Aniplex, Dentsu, NHK, Hakusensha, Asmik Ace Entertainment, Toy&#039;s Factory",Aniplex of America,Shaft,"Drama, Game, Seinen, Slice of Life","['#1: ""Flag wo Tatero (フラッグを立てろ)"" by YUKI', '#2: ""Haru ga Kite Bokura (春が来てぼくら)"" by UNISON SQUARE GARDEN']","['#1: ""Kafune (カフネ)"" by Brian the Sun', '#2: ""I AM STANDING"" by RUANN']"
918,9.0,8.392029868942396,13124,Gintama,Gintama,銀魂,"Gin Tama, Silver Soul, Yorinuki Gintama-san",https://myanimelist.cdn-dena.com/images/anime/2/10038.jpg,TV,Manga,201,Finished Airing,False,"Apr 4, 2006 to Mar 25, 2010","{'from': '2006-04-04', 'to': '2010-03-25'}",24 min. per ep.,PG-13 - Teens 13 or older,9.01,141830,15.0,95,459031,33781,"Several games based on Gintama have been released on a variety of platforms such as the Sony PlayStation 2, PlayStation Portable and Nintendo DS. Characters from the series have also appeared in Weekly Shounen Jump&#039;s crossover titles such as Jump Super Stars and Jump Ultimate Stars.The series received high-definition reruns of older episodes by TV Tokyo from April 5, 2010 till March 28, 2011 under the name Yorinuki Gintama-san which included 51 selected episodes as well as 4 new Openings and Endings. Sentai Filmworks licensed and released only the first 49 episodes of Gintama, along with the first movie; in 2016, Crunchyroll gained the license and plans to release the entire series dubbed/subtitled at some point in the future.",Spring 2006,Thursdays at 18:00 (JST),"{'Adaptation': [{'mal_id': 44, 'type': 'manga', 'url': 'https://myanimelist.net/manga/44/Gintama', 'title': 'Gintama'}], 'Side story': [{'mal_id': 2951, 'type': 'anime', 'url': 'https://myanimelist.net/anime/2951/Gintama__Nanigoto_mo_Saiyo_ga_Kanjin_nano_de_Tasho_Senobisuru_Kurai_ga_Choudoyoi', 'title': 'Gintama: Nanigoto mo Saiyo ga Kanjin nano de Tasho Senobisuru Kurai ga Choudoyoi'}, {'mal_id': 6945, 'type': 'anime', 'url': 'https://myanimelist.net/anime/6945/Gintama__Shiroyasha_Koutan', 'title': 'Gintama: Shiroyasha Koutan'}, {'mal_id': 10643, 'type': 'anime', 'url': 'https://myanimelist.net/anime/10643/Gintama__Dai_Hanseikai', 'title': 'Gintama: Dai Hanseikai'}, {'mal_id': 25313, 'type': 'anime', 'url': 'https://myanimelist.net/anime/25313/Gintama__Futon_ni_Haitte_kara_Buki_Nokoshi_ni_Kizuite_Neru_ni_Nerenai_Toki_mo_Aru', 'title': 'Gintama&#039;: Futon ni Haitte kara Buki Nokoshi ni Kizuite Neru ni Nerenai Toki mo Aru'}, {'mal_id': 32122, 'type': 'anime', 'url': 'https://myanimelist.net/anime/32122/Gintama°__Umai-mono_wa_Atomawashi_ni_Suru_to_Yokodorisareru_kara_Yappari_Saki_ni_Kue', 'title': 'Gintama°: Umai-mono wa Atomawashi ni Suru to Yokodorisareru kara Yappari Saki ni Kue'}], 'Alternative version': [{'mal_id': 7472, 'type': 'anime', 'url': 'https://myanimelist.net/anime/7472/Gintama_Movie_1__Shinyaku_Benizakura-hen', 'title': 'Gintama Movie 1: Shinyaku Benizakura-hen'}, {'mal_id': 21899, 'type': 'anime', 'url': 'https://myanimelist.net/anime/21899/Gintama__Yorinuki_Gintama-san_on_Theater_2D', 'title': 'Gintama: Yorinuki Gintama-san on Theater 2D'}], 'Sequel': [{'mal_id': 9969, 'type': 'anime', 'url': 'https://myanimelist.net/anime/9969/Gintama', 'title': 'Gintama&#039;'}], 'Other': [{'mal_id': 15335, 'type': 'anime', 'url': 'https://myanimelist.net/anime/15335/Gintama_Movie_2__Kanketsu-hen_-_Yorozuya_yo_Eien_Nare', 'title': 'Gintama Movie 2: Kanketsu-hen - Yorozuya yo Eien Nare'}, {'mal_id': 19261, 'type': 'anime', 'url': 'https://myanimelist.net/anime/19261/Gintama_x_Mameshiba', 'title': 'Gintama x Mameshiba'}]}","TV Tokyo, Aniplex, Dentsu, Trinity Sound, Audio Highs, Miracle Robo, Shueisha","Sentai Filmworks, Crunchyroll",Sunrise,"Action, Sci-Fi, Comedy, Historical, Parody, Samurai, Shounen","['#01: ""Pray"" by Tommy heavenly6 (eps 1-24)', '#02: ""Tooi Nioi (遠い匂い)"" by YO-KING (eps 25-49)', '#03: ""Giniro no Sora (銀色の空)"" by redballoon (eps 50-75)', '#04: ""Kasanaru Kage (かさなる影)"" by Hearts Grow (eps 76-99)', '#05: ""DONTEN (曇天)"" by DOES (eps 100-125)', '#06: ""Anata MAGIC (アナタMAGIC)"" by monobright (eps 126-150)', '#07: ""Stairway Generation"" by Base Ball Bear (eps 151-176)', '#08: ""Light Infection"" by Prague (eps 177-201)', '#R1: ""Bakuchi Dancer (バクチ・ダンサー)"" by DOES (Yorinuki Gintama-san eps 1-9)', '#R2: ""Kaze no Gotoku (風のごとく)"" by Inoue Joe (Yorinuki Gintama-san eps 10-26)', '#R3: ""Kanousei Girl (可能性ガール)"" by Chiaki Kuriyama (Yorinuki Gintama-san eps 27-39)', '#R4: ""Katoniago (カートニアゴ )"" by FLiP (Yorinuki Gintama-san eps 40-51)']","['#01: ""Fuusen Gum"" by Captain Straydum (eps 1-13)', '#02: ""MR.RAINDROP"" by amplified (eps 14-24)', '#03: ""Yuki no Tsubasa"" by redballoon (eps 25-37)', '#04: ""Candy Line"" by Hitomi Takahashi (eps 38-49)', '#05: ""Shura"" by DOES (eps 50-62)', '#06: ""Kiseki"" by Snowkel (eps 63-75)', '#07: ""SIGNAL"" by KELUN (eps 76-87)', '#08: ""Speed of Flow"" by The Rodeo Carburettor (eps 88-99)', '#09: ""Sanagi"" by POSSIBILITY (eps 100-112)', '#10: ""This World is yours"" by plingmin (eps 113-125)', '#11: ""Ai, Ai, Ai"" by GHOSTNOTE (eps 126-138)', '#12: ""Kagayaita"" by SHIGI (eps 139-150)', '#13: ""Asa Answer"" by PENGIN (eps 151-163)', '#14: ""Wo Ai Ni"" by Hitomi Takahashi feat. Beat Crusaders (eps 164-176)', '#15: ""Wonderful Days"" by ONE☆DRAFT (eps 177-189)', '#16: ""SAYONARA no Sora"" by Qwai (eps 190-201)', '#R1: ""Bokutachi no Kisetsu"" by DOES (Yorinuki Gintama-san eps 1-9)', '#R2: ""Wave"" by Vijandeux (Yorinuki Gintama-san eps 10-26)', '#R3: ""In My Life"" by AZU (Yorinuki Gintama-san eps 27-39)', '#R4: ""Sakurane"" by Piko (Yorinuki Gintama-san eps 40-51)']"
9969,9.0,8.346543162719634,10472,Gintama&#039;,Gintama Season 2,銀魂&#039;,Gintama (2011),https://myanimelist.cdn-dena.com/images/anime/4/50361.jpg,TV,Manga,51,Finished Airing,False,"Apr 4, 2011 to Mar 26, 2012","{'from': '2011-04-04', 'to': '2012-03-26'}",24 min. per ep.,PG-13 - Teens 13 or older,9.11,92025,7.0,342,215527,4549,This is the second season of Gintama. In the episode continuity corresponds to episodes 202-252 of Gintama.,Spring 2011,Mondays at 18:00 (JST),"{'Adaptation': [{'mal_id': 44, 'type': 'manga', 'url': 'https://myanimelist.net/manga/44/Gintama', 'title': 'Gintama'}], 'Prequel': [{'mal_id': 918, 'type': 'anime', 'url': 'https://myanimelist.net/anime/918/Gintama', 'title': 'Gintama'}], 'Character': [{'mal_id': 9863, 'type': 'anime', 'url': 'https://myanimelist.net/anime/9863/SKET_Dance', 'title': 'SKET Dance'}], 'Sequel': [{'mal_id': 15417, 'type': 'anime', 'url': 'https://myanimelist.net/anime/15417/Gintama__Enchousen', 'title': 'Gintama&#039;: Enchousen'}], 'Alternative version': [{'mal_id': 21899, 'type': 'anime', 'url': 'https://myanimelist.net/anime/21899/Gintama__Yorinuki_Gintama-san_on_Theater_2D', 'title': 'Gintama: Yorinuki Gintama-san on Theater 2D'}]}","TV Tokyo, Aniplex, Dentsu, Trinity Sound, Miracle Robo, Studio Jack, Shueisha",,Sunrise,"Action, Sci-Fi, Comedy, Historical, Parody, Samurai, Shounen","['#1: ""Tougenkyou Alien (桃源郷エイリアン)"" by serial TV drama (eps 1-26)', '#2: ""Dilemma (ジレンマ)"" by ecosystem (eps 27-39)', '#3: ""Wonderland (ワンダーランド)"" by FLiP (eps 40-51)']","['#1: ""Samurai Heart (Some Like It Hot!!)"" by SPYAIR (eps 1-13)', '#2: ""Balance Doll (バランスドール)"" by Prague (eps 14-26)', '#3: ""Anagura (アナグラ)"" by Kuroneko Chelsea (eps 27-39)', '#4: ""Nakama (仲間)"" by Good Coming (eps 40-50)', '#5: ""Tougenkyou Alien (桃源郷エイリアン)"" by serial TV drama (ep 51)']"
19,9.0,8.321063070210235,12605,Monster,Monster,モンスター,,https://myanimelist.cdn-dena.com/images/anime/10/18793.jpg,TV,Manga,74,Finished Airing,False,"Apr 7, 2004 to Sep 28, 2005","{'from': '2004-04-07', 'to': '2005-09-28'}",24 min. per ep.,R+ - Mild Nudity,8.69,118856,49.0,152,353310,17399,,Spring 2004,Wednesdays at 00:40 (JST),"{'Adaptation': [{'mal_id': 1, 'type': 'manga', 'url': 'https://myanimelist.net/manga/1/Monster', 'title': 'Monster'}], 'Summary': [{'mal_id': 1109, 'type': 'anime', 'url': 'https://myanimelist.net/anime/1109/Monster_Extra', 'title': 'Monster Extra'}]}","VAP, Shogakukan Productions, Nippon Television Network",Viz Media,Madhouse,"Drama, Horror, Mystery, Police, Psychological, Seinen, Thriller","['""Grain"" by Kuniaki Haishima']","['#1: ""For The Love of Life"" by David Sylvian (eps 1-32)', '#2: ""Make It Home"" by Fujiko Heming (eps 33-74)']"
28851,9.0,8.284199573898826,20183,Koe no Katachi,A Silent Voice,聲の形,"The Shape of Voice, A Silent Voice: The Movie",https://myanimelist.cdn-dena.com/images/anime/3/80136.jpg,Movie,Manga,1,Finished Airing,False,"Sep 17, 2016","{'from': '2016-09-17', 'to': '2016-09-17'}",2 hr. 10 min.,PG-13 - Teens 13 or older,9.04,296261,12.0,77,511915,19815,,,,"{'Adaptation': [{'mal_id': 56805, 'type': 'manga', 'url': 'https://myanimelist.net/manga/56805/Koe_no_Katachi', 'title': 'Koe no Katachi'}], 'Other': [{'mal_id': 35565, 'type': 'anime', 'url': 'https://myanimelist.net/anime/35565/Speed_of_Youth', 'title': 'Speed of Youth'}, {'mal_id': 35566, 'type': 'anime', 'url': 'https://myanimelist.net/anime/35566/Koi_wo_Shita_no_wa', 'title': 'Koi wo Shita no wa'}]}","Shochiku, Pony Canyon, Kodansha, ABC Animation, Quaras",NYAV Post,Kyoto Animation,"Drama, School, Shounen","['""My Generation (マイ・ジェネレーション)"" by The Who']","['""Koi wo Shita no wa (恋をしたのは)"" by aiko']"
2904,9.0,8.280058972366664,50193,Code Geass: Hangyaku no Lelouch R2,Code Geass: Lelouch of the Rebellion R2,コードギアス 反逆のルルーシュ 続編,"Code Geass: Hangyaku no Lelouch 2nd Season, Code Geass: Hangyaku no Lelouch Second Season",https://myanimelist.cdn-dena.com/images/anime/4/9391.jpg,TV,Original,25,Finished Airing,False,"Apr 6, 2008 to Sep 28, 2008","{'from': '2008-04-06', 'to': '2008-09-28'}",24 min. per ep.,R - 17+ (violence & profanity),8.95,543904,18.0,22,791396,44230,"Code Geass: Hangyaku no Lelouch R2 is an original anime series by Sunrise animation studio with original character designs by the all-female Japanese manga artist group CLAMP. Manga and light novels based off the show have been published by Kadokawa Shoten. The show has sold millions of DVDs and Blu-ray volumes and is extremely popular in both Japan and North America. The show is known for its multi-genre appeal and for its diverse cast of characters who face many moral dilemmas over the course of the series.The series won: ""The Best TV Animation"" award at the thirteenth Animation Kobe event in 2008, and ""The Most Popular Anime"" award at the Animage &#039;s 30th Annual Anime Grand Prix.",Spring 2008,Sundays at 17:00 (JST),"{'Adaptation': [{'mal_id': 1528, 'type': 'manga', 'url': 'https://myanimelist.net/manga/1528/Code_Geass__Hangyaku_no_Lelouch', 'title': 'Code Geass: Hangyaku no Lelouch'}, {'mal_id': 107645, 'type': 'manga', 'url': 'https://myanimelist.net/manga/107645/Code_Geass__Hangyaku_no_Lelouch_R2', 'title': 'Code Geass: Hangyaku no Lelouch R2'}], 'Prequel': [{'mal_id': 1575, 'type': 'anime', 'url': 'https://myanimelist.net/anime/1575/Code_Geass__Hangyaku_no_Lelouch', 'title': 'Code Geass: Hangyaku no Lelouch'}], 'Side story': [{'mal_id': 5163, 'type': 'anime', 'url': 'https://myanimelist.net/anime/5163/Code_Geass__Hangyaku_no_Lelouch_R2_Picture_Drama', 'title': 'Code Geass: Hangyaku no Lelouch R2 Picture Drama'}, {'mal_id': 8728, 'type': 'anime', 'url': 'https://myanimelist.net/anime/8728/Code_Geass__Hangyaku_no_Lelouch_-_Kiseki_no_Birthday_Picture_Drama', 'title': 'Code Geass: Hangyaku no Lelouch - Kiseki no Birthday Picture Drama'}, {'mal_id': 9591, 'type': 'anime', 'url': 'https://myanimelist.net/anime/9591/Code_Geass__Hangyaku_no_Lelouch_R2_Flash_Specials', 'title': 'Code Geass: Hangyaku no Lelouch R2 Flash Specials'}, {'mal_id': 33156, 'type': 'anime', 'url': 'https://myanimelist.net/anime/33156/Code_Geass__Hangyaku_no_Lelouch_R2_Picture_Drama_-_Last_Moratorium', 'title': 'Code Geass: Hangyaku no Lelouch R2 Picture Drama - Last Moratorium'}], 'Summary': [{'mal_id': 6768, 'type': 'anime', 'url': 'https://myanimelist.net/anime/6768/Code_Geass__Hangyaku_no_Lelouch_R2_Special_Edition_Zero_Requiem', 'title': 'Code Geass: Hangyaku no Lelouch R2 Special Edition Zero Requiem'}], 'Sequel': [{'mal_id': 34437, 'type': 'anime', 'url': 'https://myanimelist.net/anime/34437/Code_Geass__Fukkatsu_no_Lelouch', 'title': 'Code Geass: Fukkatsu no Lelouch'}], 'Alternative version': [{'mal_id': 34439, 'type': 'anime', 'url': 'https://myanimelist.net/anime/34439/Code_Geass__Hangyaku_no_Lelouch_II_-_Handou', 'title': 'Code Geass: Hangyaku no Lelouch II - Handou'}, {'mal_id': 34440, 'type': 'anime', 'url': 'https://myanimelist.net/anime/34440/Code_Geass__Hangyaku_no_Lelouch_III_-_Oudou', 'title': 'Code Geass: Hangyaku no Lelouch III - Oudou'}]}","Bandai Visual, Mainichi Broadcasting System, Bandai, Bandai Namco Entertainment, Hakuhodo DY Media Partners","Funimation, Bandai Entertainment",Sunrise,"Action, Military, Sci-Fi, Super Power, Drama, Mecha","['#1: ""02~O-Two~ (02~ｵｰ･ﾂｰ~)"" by Orange Range (eps 1-12)', '#2: ""WORLD END"" by FLOW (eps 13-25)']","['#1: ""Shiawase Neiro (ｼｱﾜｾﾈｲﾛ)"" by Orange Range (eps 1-12)', '#2: ""Waga Routashi Aku no Hana (わが﨟たし悪の華)"" by ALI PROJECT (eps 13-25)']"
35247,9.0,8.277150916784203,4254,Owarimonogatari 2nd Season,Owarimonogatari Second Season,終物語,End Story 2nd Season,https://myanimelist.cdn-dena.com/images/anime/6/87322.jpg,TV,Light novel,7,Finished Airing,False,"Aug 12, 2017 to Aug 13, 2017","{'from': '2017-08-12', 'to': '2017-08-13'}",22 min. per ep.,R - 17+ (violence & profanity),9.02,42842,13.0,762,113928,2432,,Summer 2017,Not scheduled once per week,"{'Adaptation': [{'mal_id': 44227, 'type': 'manga', 'url': 'https://myanimelist.net/manga/44227/Monogatari_Series__Final_Season', 'title': 'Monogatari Series: Final Season'}], 'Prequel': [{'mal_id': 31181, 'type': 'anime', 'url': 'https://myanimelist.net/anime/31181/Owarimonogatari', 'title': 'Owarimonogatari'}, {'mal_id': 32268, 'type': 'anime', 'url': 'https://myanimelist.net/anime/32268/Koyomimonogatari', 'title': 'Koyomimonogatari'}], 'Summary': [{'mal_id': 36796, 'type': 'anime', 'url': 'https://myanimelist.net/anime/36796/Owarimonogatari_2nd_Season_Recaps', 'title': 'Owarimonogatari 2nd Season Recaps'}], 'Sequel': [{'mal_id': 36999, 'type': 'anime', 'url': 'https://myanimelist.net/anime/36999/Zoku_Owarimonogatari', 'title': 'Zoku Owarimonogatari'}]}","Aniplex, Kodansha",Aniplex of America,Shaft,"Comedy, Mystery, Supernatural, Vampire","['#1: ""terminal terminal"" by Mayoi Hachikuji (Emiri Katou) (TV: ep 1, BD/DVD: eps 1-2)', '#2: ""dreamy date drive"" by Hitagi Senjougahara (Chiwa Saito) (BD/DVD: eps 3-4)', '#3: ""dark cherry mystery"" by Ougi Oshino (Kaori Mizuhashi) (TV: ep 5, BD/DVD: eps 5-7)']","['""SHIORI"" by ClariS']"
15335,9.0,8.235176131377711,7977,Gintama Movie 2: Kanketsu-hen - Yorozuya yo Eien Nare,,劇場版 銀魂 完結篇 万事屋よ永遠なれ,"Gintama: The Final Chapter - Be Forever Yorozuya, Gintama Movie 2",https://myanimelist.cdn-dena.com/images/anime/10/51723.jpg,Movie,Manga,1,Finished Airing,False,"Jul 6, 2013","{'from': '2013-07-06', 'to': '2013-07-06'}",1 hr. 50 min.,PG-13 - Teens 13 or older,9.04,61010,11.0,826,105458,1395,,,,"{'Adaptation': [{'mal_id': 91209, 'type': 'manga', 'url': 'https://myanimelist.net/manga/91209/Gekijouban_Gintama__Kanketsu-hen_-_Yorozuya_yo_Eien_Nare', 'title': 'Gekijouban Gintama: Kanketsu-hen - Yorozuya yo Eien Nare'}], 'Parent story': [{'mal_id': 918, 'type': 'anime', 'url': 'https://myanimelist.net/anime/918/Gintama', 'title': 'Gintama'}], 'Character': [{'mal_id': 19261, 'type': 'anime', 'url': 'https://myanimelist.net/anime/19261/Gintama_x_Mameshiba', 'title': 'Gintama x Mameshiba'}], 'Sequel': [{'mal_id': 28977, 'type': 'anime', 'url': 'https://myanimelist.net/anime/28977/Gintama°', 'title': 'Gintama°'}]}","TV Tokyo, Aniplex, Dentsu, Bandai, Warner Bros., Shueisha",,Sunrise,"Action, Sci-Fi, Comedy, Historical, Parody, Samurai, Shounen",[],"['#1: ""Genjou Destruction (現状ディストラクション)"" by SPYAIR', '#2: ""Pray"" by Tommy heavenly6']"
34599,9.0,8.209276729559749,12720,Made in Abyss,Made in Abyss,メイドインアビス,,https://myanimelist.cdn-dena.com/images/anime/1922/91900.jpg,TV,Web manga,13,Finished Airing,False,"Jul 7, 2017 to Sep 29, 2017","{'from': '2017-07-07', 'to': '2017-09-29'}",25 min. per ep.,R - 17+ (violence & profanity),8.91,166905,20.0,178,326011,11817,,Summer 2017,Fridays at 21:30 (JST),"{'Adaptation': [{'mal_id': 91941, 'type': 'manga', 'url': 'https://myanimelist.net/manga/91941/Made_in_Abyss', 'title': 'Made in Abyss'}], 'Sequel': [{'mal_id': 36862, 'type': 'anime', 'url': 'https://myanimelist.net/anime/36862/Made_in_Abyss_2nd_Season', 'title': 'Made in Abyss 2nd Season'}], 'Summary': [{'mal_id': 37514, 'type': 'anime', 'url': 'https://myanimelist.net/anime/37514/Made_in_Abyss_Movie_1__Tabidachi_no_Yoake', 'title': 'Made in Abyss Movie 1: Tabidachi no Yoake'}, {'mal_id': 37515, 'type': 'anime', 'url': 'https://myanimelist.net/anime/37515/Made_in_Abyss_Movie_2__Hourou_suru_Tasogare', 'title': 'Made in Abyss Movie 2: Hourou suru Tasogare'}]}","Media Factory, AT-X, Takeshobo, Sony Music Communications, Kadokawa Media House, Cygames, Kanetsu Co., LTD.",Sentai Filmworks,Kinema Citrus,"Sci-Fi, Adventure, Mystery, Drama, Fantasy","['""Deep in Abyss"" by Riko (Miyu Tomita) and Regu (Mariya Ise)']","['#1: ""Tabi no Hidarite, Saihate no Migite (旅の左手、最果ての右手)"" by Riko (Miyu Tomita) and Regu (Mariya Ise) (eps 2-9)', '#2: ""Tabi no Hidarite, Saihate no Migite (旅の左手、最果ての右手)"" by Riko (Miyu Tomita), Regu (Mariya Ise), and Nanachi (Shiori Izawa) (eps 10-12)']"
33095,9.0,8.20625375826819,3326,Shouwa Genroku Rakugo Shinjuu: Sukeroku Futatabi-hen,Descending Stories: Showa Genroku Rakugo Shinju,昭和元禄落語心中～助六再び篇～,"Shouwa Genroku Rakugo Shinjuu 2nd Season, Showa and Genroku Era Lover&#039;s Suicide Through Rakugo 2nd Season",https://myanimelist.cdn-dena.com/images/anime/10/82947.jpg,TV,Manga,12,Finished Airing,False,"Jan 7, 2017 to Mar 25, 2017","{'from': '2017-01-07', 'to': '2017-03-25'}",24 min. per ep.,PG-13 - Teens 13 or older,8.87,27311,24.0,1107,74830,1395,,Winter 2017,Saturdays at 02:25 (JST),"{'Adaptation': [{'mal_id': 26704, 'type': 'manga', 'url': 'https://myanimelist.net/manga/26704/Shouwa_Genroku_Rakugo_Shinjuu', 'title': 'Shouwa Genroku Rakugo Shinjuu'}], 'Prequel': [{'mal_id': 28735, 'type': 'anime', 'url': 'https://myanimelist.net/anime/28735/Shouwa_Genroku_Rakugo_Shinjuu', 'title': 'Shouwa Genroku Rakugo Shinjuu'}]}","Mainichi Broadcasting System, Kodansha, DAX Production, King Records",,Studio Deen,"Drama, Historical, Josei","['""Imawa no Shinigami (今際の死神)"" by Megumi Hayashibara (eps 2, 4-10)']","['#1: ""Hikobayuru (ひこばゆる)"" by Kana Shibue (eps 4-10)', '#2: ""Kawa, Taredoki (かは、たれどき)"" by Kana Shibue (ep 12)']"
2001,9.0,8.18092268092268,40404,Tengen Toppa Gurren Lagann,Gurren Lagann,天元突破グレンラガン,"Tengen Toppa Gurren-Lagann, Making Break-Through Gurren Lagann, Heavenly Breakthrough Gurren Lagann, TTGL, Gurren Laggan",https://myanimelist.cdn-dena.com/images/anime/4/5123.jpg,TV,Original,27,Finished Airing,False,"Apr 1, 2007 to Sep 30, 2007","{'from': '2007-04-01', 'to': '2007-09-30'}",24 min. per ep.,PG-13 - Teens 13 or older,8.74,449656,41.0,24,787535,50040,"Gurren Lagann received widespread critical acclaim since its release. The series received an Excellence Prize at the 2007 Japan Media Arts Festival. Its director Hiroyuki Imaishi received an individual award for ""Personal Best"" at the 12th Animation Kobe Festival that same year for his work on the series.In 2008, during the 7th annual Tokyo Anime Awards held at the Tokyo International Anime Fair, Gurren Lagann won the ""Best Television Production"" award. In addition, the ""Best Character Design"" award was given to the character designer Atsushi Nishigori for his work on the anime.",Spring 2007,Sundays at 08:30 (JST),"{'Adaptation': [{'mal_id': 1648, 'type': 'manga', 'url': 'https://myanimelist.net/manga/1648/Tengen_Toppa_Gurren_Lagann', 'title': 'Tengen Toppa Gurren Lagann'}], 'Side story': [{'mal_id': 3352, 'type': 'anime', 'url': 'https://myanimelist.net/anime/3352/Tengen_Toppa_Gurren_Lagann__Mitee_Mono_wa_Miteen_da', 'title': 'Tengen Toppa Gurren Lagann: Mitee Mono wa Miteen da!!'}, {'mal_id': 10622, 'type': 'anime', 'url': 'https://myanimelist.net/anime/10622/Tengen_Toppa_Gurren_Lagann__Ore_no_Gurren_wa_Pikka-Pika', 'title': 'Tengen Toppa Gurren Lagann: Ore no Gurren wa Pikka-Pika!!'}], 'Alternative version': [{'mal_id': 4107, 'type': 'anime', 'url': 'https://myanimelist.net/anime/4107/Tengen_Toppa_Gurren_Lagann_Movie_1__Gurren-hen', 'title': 'Tengen Toppa Gurren Lagann Movie 1: Gurren-hen'}, {'mal_id': 4565, 'type': 'anime', 'url': 'https://myanimelist.net/anime/4565/Tengen_Toppa_Gurren_Lagann_Movie_2__Lagann-hen', 'title': 'Tengen Toppa Gurren Lagann Movie 2: Lagann-hen'}], 'Alternative setting': [{'mal_id': 4705, 'type': 'anime', 'url': 'https://myanimelist.net/anime/4705/Tengen_Toppa_Gurren_Lagann__Parallel_Works', 'title': 'Tengen Toppa Gurren Lagann: Parallel Works'}, {'mal_id': 8348, 'type': 'anime', 'url': 'https://myanimelist.net/anime/8348/Tengen_Toppa_Gurren_Lagann__Parallel_Works_2', 'title': 'Tengen Toppa Gurren Lagann: Parallel Works 2'}], 'Spin-off': [{'mal_id': 5947, 'type': 'anime', 'url': 'https://myanimelist.net/anime/5947/Tengen_Toppa_Gurren_Lagann_Movie__Lagann-hen_Special_-_Viral_no_Amai_Yume', 'title': 'Tengen Toppa Gurren Lagann Movie: Lagann-hen Special - Viral no Amai Yume'}], 'Character': [{'mal_id': 6548, 'type': 'anime', 'url': 'https://myanimelist.net/anime/6548/Tengen_Toppa_Gurren_Lagann__Kirameki★Yoko_Box_-_Pieces_of_Sweet_Stars', 'title': 'Tengen Toppa Gurren Lagann: Kirameki★Yoko Box - Pieces of Sweet Stars'}]}","TV Tokyo, Aniplex, Dentsu, Konami, Half H.P Studio, Bandai","Bandai Entertainment, Aniplex of America",Gainax,"Action, Adventure, Comedy, Mecha, Sci-Fi","['""Sorairo Days (空色デイズ)"" by Shoko Nakagawa (eps 1-14, 16-26)']","['#1: ""UNDERGROUND"" by HIGH VOLTAGE (eps 1-15)', '#2: ""happily ever after"" by Shoko Nakagawa (ep 16)', '#3: ""Minna no Peace (みんなのピース)"" by Afromania (eps 17-27)']"
23273,9.0,8.158412865409183,26614,Shigatsu wa Kimi no Uso,Your Lie in April,四月は君の嘘,,https://myanimelist.cdn-dena.com/images/anime/3/67177.jpg,TV,Manga,22,Finished Airing,False,"Oct 10, 2014 to Mar 20, 2015","{'from': '2014-10-10', 'to': '2015-03-20'}",22 min. per ep.,PG-13 - Teens 13 or older,8.88,413527,21.0,37,717655,39664,Winner in the anime division of the 2016 Sugoi Japan&reg; Awards.,Fall 2014,Fridays at 01:20 (JST),"{'Adaptation': [{'mal_id': 37707, 'type': 'manga', 'url': 'https://myanimelist.net/manga/37707/Shigatsu_wa_Kimi_no_Uso', 'title': 'Shigatsu wa Kimi no Uso'}], 'Prequel': [{'mal_id': 28069, 'type': 'anime', 'url': 'https://myanimelist.net/anime/28069/Shigatsu_wa_Kimi_no_Uso__Moments', 'title': 'Shigatsu wa Kimi no Uso: Moments'}]}","Aniplex, Dentsu, Kodansha, Fuji TV, Kyoraku Industrial Holdings",Aniplex of America,A-1 Pictures,"Drama, Music, Romance, School, Shounen","['#1: ""Hikaru nara (光るなら)"" by Goose house (eps 1-11)', '#2: ""Nanairo Symphony (七色シンフォニー)"" by Coala Mode. (コアラモード.) (eps 12-22)']","['#1: ""Kirameki (キラメキ)"" by wacci (eps 1-11)', '#2: ""Orange (オレンジ)"" by 7!! (eps 12-21)', '#3: ""Orange (オレンジ) (Acoustic Ver.)"" by 7!! (ep 22)']"
15417,9.0,8.152987760979121,8334,Gintama&#039;: Enchousen,Gintama: Enchousen,銀魂&#039; 延長戦,"Gintama&#039; (2012), Gintama&#039; Overdrive, Kintama",https://myanimelist.cdn-dena.com/images/anime/6/75172.jpg,TV,Manga,13,Finished Airing,False,"Oct 4, 2012 to Mar 28, 2013","{'from': '2012-10-04', 'to': '2013-03-28'}",24 min. per ep.,PG-13 - Teens 13 or older,9.07,63468,10.0,685,123572,1509,This is a third season of Gintama. In the episode continuity corresponds to episodes 253-265 of Gintama.,Fall 2012,Thursdays at 18:00 (JST),"{'Adaptation': [{'mal_id': 44, 'type': 'manga', 'url': 'https://myanimelist.net/manga/44/Gintama', 'title': 'Gintama'}], 'Prequel': [{'mal_id': 9969, 'type': 'anime', 'url': 'https://myanimelist.net/anime/9969/Gintama', 'title': 'Gintama&#039;'}], 'Sequel': [{'mal_id': 15335, 'type': 'anime', 'url': 'https://myanimelist.net/anime/15335/Gintama_Movie_2__Kanketsu-hen_-_Yorozuya_yo_Eien_Nare', 'title': 'Gintama Movie 2: Kanketsu-hen - Yorozuya yo Eien Nare'}, {'mal_id': 28977, 'type': 'anime', 'url': 'https://myanimelist.net/anime/28977/Gintama°', 'title': 'Gintama°'}], 'Side story': [{'mal_id': 25313, 'type': 'anime', 'url': 'https://myanimelist.net/anime/25313/Gintama__Futon_ni_Haitte_kara_Buki_Nokoshi_ni_Kizuite_Neru_ni_Nerenai_Toki_mo_Aru', 'title': 'Gintama&#039;: Futon ni Haitte kara Buki Nokoshi ni Kizuite Neru ni Nerenai Toki mo Aru'}]}","TV Tokyo, Aniplex, Dentsu, Shueisha, Miracle Bus",,Sunrise,"Action, Comedy, Historical, Parody, Samurai, Sci-Fi, Shounen","['#1: ""LET&#039;S GO OUT"" by Amoyamo (eps 1-3)', '#2: ""Mantama (まんたま)"" by Tsu Terakado ♀ with Houkago Happy Hour (寺門通♀ with 放課後ハッピーアワー) (ep 4)', '#3: ""Sakura Mitsutsuki (サクラミツツキ)"" by Spyair (eps 5-8, 10-13)', '#4: ""Expect (エクスペクト)"" by Page (ep 9)']","['#1: ""Moonwalk (ムーンウォーク)"" by Monobright (eps 1-4)', '#2: ""LET&#039;S GO OUT"" by Amoyamo (ep 4)', '#3: ""Expect (エクスペクト)"" by Page (eps 5-8, 10-13)', '#4: ""Sakura Mitsutsuki (サクラミツツキ)"" by Spyair (ep 9)']"
457,9.0,8.152232015922662,17585,Mushishi,Mushi-Shi,蟲師,,https://myanimelist.cdn-dena.com/images/anime/2/73862.jpg,TV,Manga,26,Finished Airing,False,"Oct 23, 2005 to Jun 19, 2006","{'from': '2005-10-23', 'to': '2006-06-19'}",25 min. per ep.,PG-13 - Teens 13 or older,8.74,147314,38.0,115,408122,17988,"Mushishi is an adaptation of Yuki Urushibara&#039;s award-winning manga of the same name. The series adapts the first 26 chapters of the manga, adapting one per episode. The anime aired these stories in a different order than that of the manga.The series won the Tokyo Anime Award in the Television category in 2006. The series premiered on October 23, 2005, but went on hiatus on March 12, 2006 after having aired 20 episodes. Broadcast resumed on May 15, and aired the remaining 6 episodes, concluding on June 19, 2006.",Fall 2005,Sundays at 03:40 (JST),"{'Adaptation': [{'mal_id': 418, 'type': 'manga', 'url': 'https://myanimelist.net/manga/418/Mushishi', 'title': 'Mushishi'}], 'Sequel': [{'mal_id': 21329, 'type': 'anime', 'url': 'https://myanimelist.net/anime/21329/Mushishi_Special__Hihamukage', 'title': 'Mushishi Special: Hihamukage'}, {'mal_id': 21939, 'type': 'anime', 'url': 'https://myanimelist.net/anime/21939/Mushishi_Zoku_Shou', 'title': 'Mushishi Zoku Shou'}]}","Avex Entertainment, Marvelous, SKY Perfect Well Think, Delfi Sound",Funimation,Artland,"Adventure, Fantasy, Historical, Mystery, Seinen, Slice of Life, Supernatural","['""The Sore Feet Song"" by Ally Kerr']","['#01: ""Midori no Za"" (緑の座) by Masuda Toshio (ep 1)', '#02: ""Mabuta no Hikari"" (瞼の光) by Masuda Toshio (ep 2)', '#03: ""Yawarakai Kaku"" (柔らかい角) by Masuda Toshio (ep 3)', '#04: ""Makura Kouji"" (枕小路 ) by Masuda Toshio (ep 4)', '#05: ""Tabi wo Suru Numa"" (旅をする沼) by Masuda Toshio (ep 5)', '#06: ""Tsuyu wo Suu Mure"" (露を吸う群れ) by Masuda Toshio (ep 6)', '#07: ""Ame ga Kuru Niji ga Tatsu"" (雨がくる虹がたつ) by Masuda Toshio (ep 7)', '#08: ""Unasaka Yori"" (海境より)  by Masuda Toshio (ep 8)', '#09: ""Omoi Mi"" (重い実) by Masuda Toshio (ep 9)', '#10: ""Suzuri ni Sumu Shiro"" (硯に棲む白) by Masuda Toshio (ep 10)', '#11: ""Yama Nemuru"" (やまねむる) by Masuda Toshio (ep 11)', '#12: ""Sugame no Sakana"" (眇の魚) by Masuda Toshio (ep 12)', '#13: ""Hitoyobashi"" (一夜橋) by Masuda Toshio (ep 13)', '#14: ""Kago no Naka"" (籠のなか) by Masuda Toshio (ep 14)', '#15: ""Haru to Usobuko"" (春と嘯く) by Masuda Toshio (ep 15)', '#16: ""Akatsuki no Hebi"" (暁の蛇) by Masuda Toshio (ep 16)', '#17: ""Uromayutori"" (虚繭取り) by Masuda Toshio (ep 17)', '#18: ""Yama Daku Koromo"" (山抱く衣) by Masuda Toshio (ep 18)', '#19: ""Tenpen no Ito"" (天辺の糸) by Masuda Toshio (ep 19)', '#20: ""Fude no Umi"" (筆の海) by Masuda Toshio (ep 20)', '#21: ""Wataboshi"" (綿胞子) by Masuda Toshio (ep 21)', '#22: ""Okitsu Miya"" (沖つ宮) by Masuda Toshio (ep 22)', '#23: ""Sabi no Naku Koe"" (錆の鳴く聲) by Masuda Toshio (ep 23)', '#24: ""Kagarinokou"" (篝野行) by Masuda Toshio (ep 24)', '#25: ""Ganpuku Ganka"" (眼福眼禍) by Masuda Toshio (ep 25)', '#26: ""Kusa wo Fumu Oto"" (草を踏む音) by Masuda Toshio (ep 26)']"
263,9.0,8.152150582019319,12113,Hajime no Ippo,Fighting Spirit,はじめの一歩 THE FIGHTING!,"The First Step, Hajime no Ippo: The Fighting",https://myanimelist.cdn-dena.com/images/anime/10/2025.jpg,TV,Manga,75,Finished Airing,False,"Oct 4, 2000 to Mar 27, 2002","{'from': '2000-10-04', 'to': '2002-03-27'}",23 min. per ep.,PG-13 - Teens 13 or older,8.8,116681,28.0,313,229504,10765,,Fall 2000,Tuesdays at 00:50 (JST),"{'Adaptation': [{'mal_id': 7, 'type': 'manga', 'url': 'https://myanimelist.net/manga/7/Hajime_no_Ippo', 'title': 'Hajime no Ippo'}], 'Sequel': [{'mal_id': 264, 'type': 'anime', 'url': 'https://myanimelist.net/anime/264/Hajime_no_Ippo__Champion_Road', 'title': 'Hajime no Ippo: Champion Road'}], 'Side story': [{'mal_id': 12069, 'type': 'anime', 'url': 'https://myanimelist.net/anime/12069/Hajime_no_Ippo__Boxer_no_Kobushi', 'title': 'Hajime no Ippo: Boxer no Kobushi'}]}",VAP,Geneon Entertainment USA,Madhouse,"Comedy, Sports, Drama, Shounen","['#1: ""Under Star"" by Shocking Lemons (eps 1-25)', '#2: ""Inner Light"" by Shocking Lemons (eps 26-52)', '#3: ""Tumbling Dice"" by Tsuneo Imahori (eps 53-75)']","['#1: ""Yuuzora no Kamihikouki"" by Naoya Mori (eps 1-25)', '#2: ""360°"" by Naoya Mori (eps 26-52, 75)', '#3: ""Eternal Loop"" by Saber Tiger (eps 53-74)']"
1575,9.0,8.146091691551028,56930,Code Geass: Hangyaku no Lelouch,Code Geass: Lelouch of the Rebellion,コードギアス 反逆のルルーシュ,,https://myanimelist.cdn-dena.com/images/anime/5/50331.jpg,TV,Original,25,Finished Airing,False,"Oct 6, 2006 to Jul 29, 2007","{'from': '2006-10-06', 'to': '2007-07-29'}",24 min. per ep.,R - 17+ (violence & profanity),8.79,627740,30.0,9,986897,63614,"Code Geass: Hangyaku no Lelouch is an original anime series by Sunrise animation studio with original character designs by the all-female Japanese manga artist group Clamp. Manga and light novels based off the show have been published by Kadokawa Shoten. The show has sold millions of DVDs and Blu-ray volumes and is extremely popular in both Japan and North America. The show is known for its multi-genre appeal and for its diverse cast of characters who face many moral dilemmas over the course of the series.The last two episodes received a pre-airing on an event, July 21, 2007. Regular broadcasting was on July 29, 2007.The series won: ""The Best Anime TV Series"" award at the 2007 Tokyo International Anime Fair, ""The Best TV animation"" award at the twelfth Animation Kobe, and ""The Most Popular Anime"" award at the Animage &#039;s 29th Annual Anime Grand Prix. ",Fall 2006,Fridays at 01:25 (JST),"{'Adaptation': [{'mal_id': 1528, 'type': 'manga', 'url': 'https://myanimelist.net/manga/1528/Code_Geass__Hangyaku_no_Lelouch', 'title': 'Code Geass: Hangyaku no Lelouch'}], 'Side story': [{'mal_id': 1953, 'type': 'anime', 'url': 'https://myanimelist.net/anime/1953/Code_Geass__Hangyaku_no_Lelouch_Picture_Drama', 'title': 'Code Geass: Hangyaku no Lelouch Picture Drama'}, {'mal_id': 33155, 'type': 'anime', 'url': 'https://myanimelist.net/anime/33155/Code_Geass__Hangyaku_no_Lelouch_Picture_Drama_-_Hajimari_no_Zenya', 'title': 'Code Geass: Hangyaku no Lelouch Picture Drama - Hajimari no Zenya'}], 'Summary': [{'mal_id': 2124, 'type': 'anime', 'url': 'https://myanimelist.net/anime/2124/Code_Geass__Hangyaku_no_Lelouch_Recaps', 'title': 'Code Geass: Hangyaku no Lelouch Recaps'}, {'mal_id': 4596, 'type': 'anime', 'url': 'https://myanimelist.net/anime/4596/Code_Geass__Hangyaku_no_Lelouch_Special_Edition_Black_Rebellion', 'title': 'Code Geass: Hangyaku no Lelouch Special Edition Black Rebellion'}], 'Sequel': [{'mal_id': 2904, 'type': 'anime', 'url': 'https://myanimelist.net/anime/2904/Code_Geass__Hangyaku_no_Lelouch_R2', 'title': 'Code Geass: Hangyaku no Lelouch R2'}], 'Alternative setting': [{'mal_id': 8888, 'type': 'anime', 'url': 'https://myanimelist.net/anime/8888/Code_Geass__Boukoku_no_Akito_1_-_Yokuryuu_wa_Maiorita', 'title': 'Code Geass: Boukoku no Akito 1 - Yokuryuu wa Maiorita'}, {'mal_id': 15197, 'type': 'anime', 'url': 'https://myanimelist.net/anime/15197/Code_Geass__Boukoku_no_Akito_2_-_Hikisakareshi_Yokuryuu', 'title': 'Code Geass: Boukoku no Akito 2 - Hikisakareshi Yokuryuu'}, {'mal_id': 15199, 'type': 'anime', 'url': 'https://myanimelist.net/anime/15199/Code_Geass__Boukoku_no_Akito_3_-_Kagayaku_Mono_Ten_yori_Otsu', 'title': 'Code Geass: Boukoku no Akito 3 - Kagayaku Mono Ten yori Otsu'}, {'mal_id': 15201, 'type': 'anime', 'url': 'https://myanimelist.net/anime/15201/Code_Geass__Boukoku_no_Akito_4_-_Nikushimi_no_Kioku_kara', 'title': 'Code Geass: Boukoku no Akito 4 - Nikushimi no Kioku kara'}, {'mal_id': 17277, 'type': 'anime', 'url': 'https://myanimelist.net/anime/17277/Code_Geass__Soubou_no_Oz_Picture_Drama', 'title': 'Code Geass: Soubou no Oz Picture Drama'}, {'mal_id': 30711, 'type': 'anime', 'url': 'https://myanimelist.net/anime/30711/Code_Geass__Boukoku_no_Akito_5_-_Itoshiki_Monotachi_e', 'title': 'Code Geass: Boukoku no Akito 5 - Itoshiki Monotachi e'}], 'Spin-off': [{'mal_id': 12685, 'type': 'anime', 'url': 'https://myanimelist.net/anime/12685/Code_Geass__Hangyaku_no_Lelouch_-_Nunnally_in_Wonderland', 'title': 'Code Geass: Hangyaku no Lelouch - Nunnally in Wonderland'}], 'Alternative version': [{'mal_id': 34438, 'type': 'anime', 'url': 'https://myanimelist.net/anime/34438/Code_Geass__Hangyaku_no_Lelouch_I_-_Koudou', 'title': 'Code Geass: Hangyaku no Lelouch I - Koudou'}, {'mal_id': 34439, 'type': 'anime', 'url': 'https://myanimelist.net/anime/34439/Code_Geass__Hangyaku_no_Lelouch_II_-_Handou', 'title': 'Code Geass: Hangyaku no Lelouch II - Handou'}]}","Bandai Visual, Mainichi Broadcasting System, Bandai, Sony Music Entertainment, Bandai Namco Entertainment, Hakuhodo DY Media Partners","Funimation, Bandai Entertainment",Sunrise,"Action, Military, Sci-Fi, Super Power, Drama, Mecha, School","['#1: ""COLORS"" by FLOW (eps 1-12)', '#2: ""Kaidoku Funou (解読不能)"" by Jinn (eps 13-23)', '#3: ""Hitomi no Tsubasa (瞳ノ翼)"" by Access (eps 24-25)']","['#1: ""Yuukyou Seishunka (勇侠青春謳)"" by Ali Project (eps 1-12)', '#2: ""Mosaic Kakera (モザイクカケラ)"" by SunSet Swish (eps 13-23)', '#3: ""COLORS"" by FLOW (ep 24)', '#4: ""Innocent Days"" by Hitomi (ep 25)']"
1535,9.0,8.113992070837535,72391,Death Note,Death Note,デスノート,DN,https://myanimelist.cdn-dena.com/images/anime/9/9453.jpg,TV,Manga,37,Finished Airing,False,"Oct 4, 2006 to Jun 27, 2007","{'from': '2006-10-04', 'to': '2007-06-27'}",23 min. per ep.,R - 17+ (violence & profanity),8.67,1009477,51.0,1,1456378,88696,"Death Note has been adapted into live action films, TV dramas, video games, light novels and a musical composed by a Broadway composer.  It is licensed in North America by Viz Media.",Fall 2006,Wednesdays at 00:56 (JST),"{'Adaptation': [{'mal_id': 21, 'type': 'manga', 'url': 'https://myanimelist.net/manga/21/Death_Note', 'title': 'Death Note'}], 'Summary': [{'mal_id': 2994, 'type': 'anime', 'url': 'https://myanimelist.net/anime/2994/Death_Note__Rewrite', 'title': 'Death Note: Rewrite'}]}","VAP, Konami, Ashi Production, Nippon Television Network, Shueisha",Viz Media,Madhouse,"Mystery, Police, Psychological, Supernatural, Thriller, Shounen","['#1: ""the WORLD"" by Nightmare (eps 1-19)', '#2: ""What&#039;s up, people?!"" by Maximum the Hormone (eps 20-37)']","['#1: ""Alumina"" by Nightmare (eps 1-19)', '#2: ""Zetsubō Billy"" by Maximum the Hormone (eps 20-36)', '#3: ""Coda ~ Death Note"" by Yoshihisa Hirano (ep 37)']"
245,9.0,8.102418827631292,22945,Great Teacher Onizuka,Great Teacher Onizuka,グレート・ティーチャー・オニヅカ,GTO,https://myanimelist.cdn-dena.com/images/anime/13/11460.jpg,TV,Manga,43,Finished Airing,False,"Jun 30, 1999 to Sep 17, 2000","{'from': '1999-06-30', 'to': '2000-09-17'}",25 min. per ep.,R - 17+ (violence & profanity),8.74,187442,37.0,146,361027,14087,,Summer 1999,Wednesdays at 19:30 (JST),"{'Adaptation': [{'mal_id': 336, 'type': 'manga', 'url': 'https://myanimelist.net/manga/336/GTO', 'title': 'GTO'}], 'Prequel': [{'mal_id': 1913, 'type': 'anime', 'url': 'https://myanimelist.net/anime/1913/Shonan_Junai_Gumi', 'title': 'Shonan Junai Gumi!'}]}","Aniplex, Fuji TV","Discotek Media, TOKYOPOP",Studio Pierrot,"Comedy, Drama, School, Shounen, Slice of Life","['#1: ""Driver&#039;s High"" by L&#039;Arc~en~Ciel (eps 01-16)', '#2: ""Hitori no Yoru"" by Porno Graffitti (eps 17-43)']","['#1: ""Last Piece"" by Kirari (eps 1-16)', '#2: ""Shizuku (しずく)"" by Okuda Miwaku (eps 17-33)', '#3: ""CHERISHED MEMORIES"" by Hong Kong Knife (eps 34-42)', '#4: ""Driver&#039;s High"" by L&#039;Arc~en~Ciel (ep 43)']"
7311,9.0,8.084904482457235,24027,Suzumiya Haruhi no Shoushitsu,The Disappearance of Haruhi Suzumiya,涼宮ハルヒの消失,"The Vanishment of Haruhi Suzumiya, Suzumiya Haruhi no Syoshitsu, Haruhi Movie",https://myanimelist.cdn-dena.com/images/anime/2/73842.jpg,Movie,Light novel,1,Finished Airing,False,"Feb 6, 2010","{'from': '2010-02-06', 'to': '2010-02-06'}",2 hr. 42 min.,PG-13 - Teens 13 or older,8.73,179475,45.0,181,323704,8525,The film won the Best Theatrical Film award at the 2010 Animation Kobe Awards.,,,"{'Adaptation': [{'mal_id': 3083, 'type': 'manga', 'url': 'https://myanimelist.net/manga/3083/Suzumiya_Haruhi_Series', 'title': 'Suzumiya Haruhi Series'}], 'Prequel': [{'mal_id': 4382, 'type': 'anime', 'url': 'https://myanimelist.net/anime/4382/Suzumiya_Haruhi_no_Yuuutsu_2009', 'title': 'Suzumiya Haruhi no Yuuutsu (2009)'}], 'Alternative version': [{'mal_id': 26351, 'type': 'anime', 'url': 'https://myanimelist.net/anime/26351/Nagato_Yuki-chan_no_Shoushitsu', 'title': 'Nagato Yuki-chan no Shoushitsu'}]}","Kadokawa Shoten, Animation Do","Funimation, Bandai Entertainment",Kyoto Animation,"Comedy, Mystery, Romance, School, Sci-Fi, Supernatural","['""Bouken Desho Desho? (冒険でしょでしょ?)"" by Aya Hirano']","['""Yasashii Boukyaku (優しい忘却)"" by Minori Chihara']"
32935,9.0,8.080443481160387,11996,Haikyuu!!: Karasuno Koukou VS Shiratorizawa Gakuen Koukou,Haikyu!! 3rd Season,ハイキュー!! 烏野高校 VS 白鳥沢学園高校,Haikyuu!! Third Season,https://myanimelist.cdn-dena.com/images/anime/7/81992.jpg,TV,Manga,10,Finished Airing,False,"Oct 8, 2016 to Dec 10, 2016","{'from': '2016-10-08', 'to': '2016-12-10'}",24 min. per ep.,PG-13 - Teens 13 or older,8.99,157934,17.0,274,252062,4154,,Fall 2016,Saturdays at 01:55 (JST),"{'Adaptation': [{'mal_id': 35243, 'type': 'manga', 'url': 'https://myanimelist.net/manga/35243/Haikyuu', 'title': 'Haikyuu!!'}], 'Prequel': [{'mal_id': 28891, 'type': 'anime', 'url': 'https://myanimelist.net/anime/28891/Haikyuu_Second_Season', 'title': 'Haikyuu!! Second Season'}], 'Summary': [{'mal_id': 35111, 'type': 'anime', 'url': 'https://myanimelist.net/anime/35111/Haikyuu_Movie_4__Concept_no_Tatakai', 'title': 'Haikyuu!! Movie 4: Concept no Tatakai'}, {'mal_id': 35321, 'type': 'anime', 'url': 'https://myanimelist.net/anime/35321/Haikyuu__Tokushuu_Haru-kou_Volley_ni_Kaketa_Seishun', 'title': 'Haikyuu!!: Tokushuu! Haru-kou Volley ni Kaketa Seishun'}]}","TOHO animation, Shueisha",Sentai Filmworks,Production I.G,"Comedy, Sports, Drama, School, Shounen","['""Hikari Are (ヒカリアレ)"" by BURNOUT SYNDROMES']","['""Mashi Mashi (マシ・マシ)"" by NICO Touches the Walls']"
12431,9.0,8.07276634940129,3257,Uchuu Kyoudai,Space Brothers,宇宙兄弟,Uchuu Kyodai,https://myanimelist.cdn-dena.com/images/anime/7/37573.jpg,TV,Manga,99,Finished Airing,False,"Apr 1, 2012 to Mar 22, 2014","{'from': '2012-04-01', 'to': '2014-03-22'}",24 min. per ep.,PG-13 - Teens 13 or older,8.56,26666,80.0,881,98864,2503,,Spring 2012,Sundays at 07:00 (JST),"{'Adaptation': [{'mal_id': 14483, 'type': 'manga', 'url': 'https://myanimelist.net/manga/14483/Uchuu_Kyoudai', 'title': 'Uchuu Kyoudai'}], 'Side story': [{'mal_id': 13479, 'type': 'anime', 'url': 'https://myanimelist.net/anime/13479/Uchuu_Kyoudai__Apos_Dream', 'title': 'Uchuu Kyoudai: Apo&#039;s Dream'}, {'mal_id': 17573, 'type': 'anime', 'url': 'https://myanimelist.net/anime/17573/Planetarium_Uchuu_Kyoudai__Itten_no_Hikari', 'title': 'Planetarium Uchuu Kyoudai: Itten no Hikari'}], 'Prequel': [{'mal_id': 22583, 'type': 'anime', 'url': 'https://myanimelist.net/anime/22583/Uchuu_Kyoudai__Number_Zero', 'title': 'Uchuu Kyoudai: Number Zero'}]}","Aniplex, Dentsu, YTV, Trinity Sound",Sentai Filmworks,A-1 Pictures,"Comedy, Sci-Fi, Seinen, Slice of Life, Space","['#1: ""Feel So Moon"" by Unicorn (eps 1-13)', '#2: ""Eureka (ユリーカ)"" by Sukima Switch (eps 14-26)', '#3: ""Yume Miru Sekai (夢見る世界)"" by DOES (eps 27-38)', '#4: ""Small World"" by Fujifabric (eps 39-51)', '#5: ""Kienai E (消えない絵)"" by Magokoro Brothers (eps 52-64)', '#6: ""Crater (クレーター)"" by Merengue (eps 65-75)', '#7: ""HALO"" by tacica (eps 76-87)', '#8: ""B.B"" by THE Yatou (eps 88-99)']","['#1: ""Subarashiki Sekai (素晴らしき世界)"" by Rake (eps 1-13)', '#2: ""Kokuhaku (告白)"" by Angela Aki (eps 14-26)', '#3: ""Tete (テテ)"" by Akihisa Kondou (eps 27-38)', '#4: ""Goodbye Isaac (グッバイ・アイザック)"" by Motohiro Hata (eps 39-51)', '#5: ""BEYOND"" by Miho Fukaraha (eps 52-64)', '#6: ""Yozora no Taiyou (夜空の太陽)"" by Flower Companyz (eps 65-75)', '#7: ""New World"" by Kasarinchu (ep 76-87)', '#8: ""Anata a Ireba OK!"" by Serena (88-99)']"
12355,9.0,8.069302659956865,20865,Ookami Kodomo no Ame to Yuki,Wolf Children,おおかみこどもの雨と雪,The Wolf Children Ame and Yuki,https://myanimelist.cdn-dena.com/images/anime/9/35721.jpg,Movie,Original,1,Finished Airing,False,"Jul 21, 2012","{'from': '2012-07-21', 'to': '2012-07-21'}",1 hr. 57 min.,PG - Children,8.77,204744,34.0,148,357883,7087,"Ookami Kodomo no Ame to Yuki  won the 2013 Japan Academy Prize for Animation of the Year, the 2012 Mainichi Film Award for Best Animation Film, and the 2013 Animation of the Year award at the Tokyo International Anime Fair. It won two awards at the Oslo Films from the South festival in Norway: the main award, the Silver Mirror, and the audience award. It won an Audience Award at 2013 New York International Children&#039;s Film Festival and the 2014 Best Anime Disc award from Home Media Magazine.",,,"{'Adaptation': [{'mal_id': 40761, 'type': 'manga', 'url': 'https://myanimelist.net/manga/40761/Ookami_Kodomo_no_Ame_to_Yuki', 'title': 'Ookami Kodomo no Ame to Yuki'}], 'Other': [{'mal_id': 37418, 'type': 'anime', 'url': 'https://myanimelist.net/anime/37418/Ookami_Kodomo_no_Ame_to_Yuki_x_House_Shokuhin_Stew_CM', 'title': 'Ookami Kodomo no Ame to Yuki x House Shokuhin Stew CM'}]}","Madhouse, VAP, Dentsu, Yomiuri Telecasting, Kadokawa Shoten, Toho, Hiroshima Television",Funimation,Studio Chizu,"Slice of Life, Fantasy",[],"['""Okaa-san no Uta (おかあさんの唄)"" by Ann Sally']"
6114,9.0,8.06788990825688,9265,Rainbow: Nisha Rokubou no Shichinin,Rainbow,RAINBOW 二舎六房の七人,Rainbow: Nisha Rokubou no Shichinin,https://myanimelist.cdn-dena.com/images/anime/9/72697.jpg,TV,Manga,26,Finished Airing,False,"Apr 7, 2010 to Sep 29, 2010","{'from': '2010-04-07', 'to': '2010-09-29'}",22 min. per ep.,R - 17+ (violence & profanity),8.59,78226,72.0,384,196494,5199,"FUNimation Entertainment simulcasted Rainbow: Nisha Rokubou no Shichinin in North America, but didn&#039;t give it a physical release due to poor streaming numbers. It is no longer streaming via FUNimation.",Spring 2010,Unknown,"{'Adaptation': [{'mal_id': 7482, 'type': 'manga', 'url': 'https://myanimelist.net/manga/7482/Rainbow__Nisha_Rokubou_no_Shichinin', 'title': 'Rainbow: Nisha Rokubou no Shichinin'}]}","VAP, Nippon Television Network",Funimation,Madhouse,"Drama, Historical, Seinen, Thriller","['""We&#039;re not alone"" by coldrain']","['""A FAR-OFF DISTANCE"" by Galneryus']"
